{
  "protocol_version" : "0.0.6",
  "configuration" : {
    "version" : "(6.8.0.123) (2019-10/1d0d939dc30)",
    "tlc" : "normal",
    "sigsgev" : "altstack",
    "notifications" : "kqueue",
    "architecture" : "amd64",
    "disabled_features" : "none",
    "smallconfig" : "disabled",
    "bigarrays" : "disabled",
    "softdebug" : "enabled",
    "interpreter" : "enabled",
    "llvm_support" : "0",
    "suspend" : "hybrid"
  },
  "memory" : {
    "Resident Size" : "125112320",
    "Virtual Size" : "4679409664",
    "minor_gc_time" : "632504",
    "major_gc_time" : "0",
    "minor_gc_count" : "1",
    "major_gc_count" : "0",
    "major_gc_time_concurrent" : "0"
 },
  "threads" : [
 {
    "is_managed" : true,
    "offset_free_hash" : "0x115869eaf6",
    "offset_rich_hash" : "0x115869eeb0",
    "crashed" : true,
    "native_thread_id" : "0x70000f3a3000",
    "thread_info_addr" : "0x7fcc38ac1400",
    "thread_name" : "Thread Pool Worker",
    "ctx" : {
      "IP" : "0x7fff68f6833a",
      "SP" : "0x70000f3a15d8",
      "BP" : "0x70000f3a1600"
  },
    "managed_frames" : [
  {
      "is_managed" : "false",
      "native_address" : "unregistered"
   }
,
  {
      "is_managed" : "true",
      "guid" : "F9D1B832-704F-410A-A8EC-771F4FE80552",
      "token" : "0x00000",
      "native_offset" : "0x0",
      "filename" : "mscorlib.dll",
      "sizeofimage" : "0x474000",
      "timestamp" : "0xd0017708",
      "il_offset" : "0x0000c"
   }
,
  {
      "is_managed" : "true",
      "guid" : "F9D1B832-704F-410A-A8EC-771F4FE80552",
      "token" : "0x6001f89",
      "native_offset" : "0x0",
      "filename" : "mscorlib.dll",
      "sizeofimage" : "0x474000",
      "timestamp" : "0xd0017708",
      "il_offset" : "0x0001a"
   }
,
  {
      "is_managed" : "true",
      "guid" : "F9D1B832-704F-410A-A8EC-771F4FE80552",
      "token" : "0x6001f2f",
      "native_offset" : "0x0",
      "filename" : "mscorlib.dll",
      "sizeofimage" : "0x474000",
      "timestamp" : "0xd0017708",
      "il_offset" : "0x00028"
   }
,
  {
      "is_managed" : "true",
      "guid" : "F9D1B832-704F-410A-A8EC-771F4FE80552",
      "token" : "0x6001f2d",
      "native_offset" : "0x0",
      "filename" : "mscorlib.dll",
      "sizeofimage" : "0x474000",
      "timestamp" : "0xd0017708",
      "il_offset" : "0x00002"
   }
,
  {
      "is_managed" : "true",
      "guid" : "0A524050-C08D-4243-8E8C-E610E157685E",
      "token" : "0x6000084",
      "native_offset" : "0x0",
      "filename" : "MonoDevelop.MSBuildBuilder.exe",
      "sizeofimage" : "0x14000",
      "timestamp" : "0xcf68e9fd",
      "il_offset" : "0x000ae"
   }
,
  {
      "is_managed" : "true",
      "guid" : "0A524050-C08D-4243-8E8C-E610E157685E",
      "token" : "0x6000083",
      "native_offset" : "0x0",
      "filename" : "MonoDevelop.MSBuildBuilder.exe",
      "sizeofimage" : "0x14000",
      "timestamp" : "0xcf68e9fd",
      "il_offset" : "0x00001"
   }
,
  {
      "is_managed" : "true",
      "guid" : "0A524050-C08D-4243-8E8C-E610E157685E",
      "token" : "0x600006a",
      "native_offset" : "0x0",
      "filename" : "MonoDevelop.MSBuildBuilder.exe",
      "sizeofimage" : "0x14000",
      "timestamp" : "0xcf68e9fd",
      "il_offset" : "0x00048"
   }
,
  {
      "is_managed" : "true",
      "guid" : "0A524050-C08D-4243-8E8C-E610E157685E",
      "token" : "0x60000a1",
      "native_offset" : "0x0",
      "filename" : "MonoDevelop.MSBuildBuilder.exe",
      "sizeofimage" : "0x14000",
      "timestamp" : "0xcf68e9fd",
      "il_offset" : "0x00001"
   }
,
  {
      "is_managed" : "true",
      "guid" : "0A524050-C08D-4243-8E8C-E610E157685E",
      "token" : "0x6000067",
      "native_offset" : "0x0",
      "filename" : "MonoDevelop.MSBuildBuilder.exe",
      "sizeofimage" : "0x14000",
      "timestamp" : "0xcf68e9fd",
      "il_offset" : "0x00001"
   }
,
  {
      "is_managed" : "true",
      "guid" : "0A524050-C08D-4243-8E8C-E610E157685E",
      "token" : "0x6000075",
      "native_offset" : "0x0",
      "filename" : "MonoDevelop.MSBuildBuilder.exe",
      "sizeofimage" : "0x14000",
      "timestamp" : "0xcf68e9fd",
      "il_offset" : "0x00057"
   }
,
  {
      "is_managed" : "true",
      "guid" : "0A524050-C08D-4243-8E8C-E610E157685E",
      "token" : "0x00000",
      "native_offset" : "0x0",
      "filename" : "MonoDevelop.MSBuildBuilder.exe",
      "sizeofimage" : "0x14000",
      "timestamp" : "0xcf68e9fd",
      "il_offset" : "0x0002a"
   }
,
  {
      "is_managed" : "false",
      "native_address" : "unregistered"
   }
,
  {
      "is_managed" : "true",
      "guid" : "F9D1B832-704F-410A-A8EC-771F4FE80552",
      "token" : "0x00000",
      "native_offset" : "0x0",
      "filename" : "mscorlib.dll",
      "sizeofimage" : "0x474000",
      "timestamp" : "0xd0017708",
      "il_offset" : "0x0000c"
   }
,
  {
      "is_managed" : "true",
      "guid" : "F9D1B832-704F-410A-A8EC-771F4FE80552",
      "token" : "0x6004ceb",
      "native_offset" : "0x0",
      "filename" : "mscorlib.dll",
      "sizeofimage" : "0x474000",
      "timestamp" : "0xd0017708",
      "il_offset" : "0x0006a"
   }
,
  {
      "is_managed" : "true",
      "guid" : "F9D1B832-704F-410A-A8EC-771F4FE80552",
      "token" : "0x60048cf",
      "native_offset" : "0x0",
      "filename" : "mscorlib.dll",
      "sizeofimage" : "0x474000",
      "timestamp" : "0xd0017708",
      "il_offset" : "0x00000"
   }
,
  {
      "is_managed" : "true",
      "guid" : "0A524050-C08D-4243-8E8C-E610E157685E",
      "token" : "0x6000039",
      "native_offset" : "0x0",
      "filename" : "MonoDevelop.MSBuildBuilder.exe",
      "sizeofimage" : "0x14000",
      "timestamp" : "0xcf68e9fd",
      "il_offset" : "0x00019"
   }
,
  {
      "is_managed" : "true",
      "guid" : "0A524050-C08D-4243-8E8C-E610E157685E",
      "token" : "0x6000169",
      "native_offset" : "0x0",
      "filename" : "MonoDevelop.MSBuildBuilder.exe",
      "sizeofimage" : "0x14000",
      "timestamp" : "0xcf68e9fd",
      "il_offset" : "0x00029"
   }
,
  {
      "is_managed" : "true",
      "guid" : "0A524050-C08D-4243-8E8C-E610E157685E",
      "token" : "0x6000184",
      "native_offset" : "0x0",
      "filename" : "MonoDevelop.MSBuildBuilder.exe",
      "sizeofimage" : "0x14000",
      "timestamp" : "0xcf68e9fd",
      "il_offset" : "0x00001"
   }
,
  {
      "is_managed" : "true",
      "guid" : "F9D1B832-704F-410A-A8EC-771F4FE80552",
      "token" : "0x6001ff1",
      "native_offset" : "0x0",
      "filename" : "mscorlib.dll",
      "sizeofimage" : "0x474000",
      "timestamp" : "0xd0017708",
      "il_offset" : "0x00007"
   }
,
  {
      "is_managed" : "true",
      "guid" : "F9D1B832-704F-410A-A8EC-771F4FE80552",
      "token" : "0x6001ecb",
      "native_offset" : "0x0",
      "filename" : "mscorlib.dll",
      "sizeofimage" : "0x474000",
      "timestamp" : "0xd0017708",
      "il_offset" : "0x00071"
   }
,
  {
      "is_managed" : "true",
      "guid" : "F9D1B832-704F-410A-A8EC-771F4FE80552",
      "token" : "0x6001ec9",
      "native_offset" : "0x0",
      "filename" : "mscorlib.dll",
      "sizeofimage" : "0x474000",
      "timestamp" : "0xd0017708",
      "il_offset" : "0x00000"
   }
,
  {
      "is_managed" : "true",
      "guid" : "F9D1B832-704F-410A-A8EC-771F4FE80552",
      "token" : "0x6001fef",
      "native_offset" : "0x0",
      "filename" : "mscorlib.dll",
      "sizeofimage" : "0x474000",
      "timestamp" : "0xd0017708",
      "il_offset" : "0x00021"
   }
,
  {
      "is_managed" : "true",
      "guid" : "F9D1B832-704F-410A-A8EC-771F4FE80552",
      "token" : "0x6001fd7",
      "native_offset" : "0x0",
      "filename" : "mscorlib.dll",
      "sizeofimage" : "0x474000",
      "timestamp" : "0xd0017708",
      "il_offset" : "0x00074"
   }
,
  {
      "is_managed" : "true",
      "guid" : "F9D1B832-704F-410A-A8EC-771F4FE80552",
      "token" : "0x6001fec",
      "native_offset" : "0x0",
      "filename" : "mscorlib.dll",
      "sizeofimage" : "0x474000",
      "timestamp" : "0xd0017708",
      "il_offset" : "0x00000"
   }
,
  {
      "is_managed" : "true",
      "guid" : "F9D1B832-704F-410A-A8EC-771F4FE80552",
      "token" : "0x00000",
      "native_offset" : "0x0",
      "filename" : "mscorlib.dll",
      "sizeofimage" : "0x474000",
      "timestamp" : "0xd0017708",
      "il_offset" : "0x0002a"
   }

  ],
  "unmanaged_frames" : [
 {
    "is_managed" : "false",
    "native_address" : "0x104b5baf6",
    "native_offset" : "0x00000"
  }
,
 {
    "is_managed" : "false",
    "native_address" : "0x104cf58a5",
    "native_offset" : "0x00000"
  }
,
 {
    "is_managed" : "false",
    "native_address" : "0x104cf5f2a",
    "native_offset" : "0x00000"
  }
,
 {
    "is_managed" : "false",
    "native_address" : "0x104bc8366",
    "native_offset" : "0x00000"
  }
,
 {
    "is_managed" : "false",
    "native_address" : "0x104b607a5",
    "native_offset" : "0x00000"
  }
,
 {
    "is_managed" : "false",
    "native_address" : "0x104bc778b",
    "native_offset" : "0x00000"
  }
,
 {
    "is_managed" : "false",
    "native_address" : "0x7fff690195fd",
    "native_offset" : "0x00000"
  }
,
 {
    "is_managed" : "false",
    "native_address" : "unregistered"
  }
,
 {
    "is_managed" : "false",
    "native_address" : "0x7fff68eef808",
    "native_offset" : "0x00000"
  }
,
 {
    "is_managed" : "false",
    "native_address" : "0x104dc4c67",
    "native_offset" : "0x00000"
  }
,
 {
    "is_managed" : "false",
    "native_address" : "0x104da5a8f",
    "native_offset" : "0x00000"
  }
,
 {
    "is_managed" : "false",
    "native_address" : "0x104dc4fee",
    "native_offset" : "0x00000"
  }
,
 {
    "is_managed" : "false",
    "native_address" : "0x104dc516f",
    "native_offset" : "0x00000"
  }
,
 {
    "is_managed" : "false",
    "native_address" : "0x104c5e3e2",
    "native_offset" : "0x00000"
  }
,
 {
    "is_managed" : "false",
    "native_address" : "0x104c5e982",
    "native_offset" : "0x00000"
  }
,
 {
    "is_managed" : "false",
    "native_address" : "0x104db2f81",
    "native_offset" : "0x00000"
  }
,
 {
    "is_managed" : "false",
    "native_address" : "0x104db3330",
    "native_offset" : "0x00000"
  }
,
 {
    "is_managed" : "false",
    "native_address" : "0x104c60ad6",
    "native_offset" : "0x00000"
  }
,
 {
    "is_managed" : "false",
    "native_address" : "0x104c85920",
    "native_offset" : "0x00000"
  }
,
 {
    "is_managed" : "true",
    "guid" : "F9D1B832-704F-410A-A8EC-771F4FE80552",
    "token" : "0x00000",
    "native_offset" : "0x0",
    "filename" : "mscorlib.dll",
    "sizeofimage" : "0x474000",
    "timestamp" : "0xd0017708",
    "il_offset" : "0x00000"
  }
,
 {
    "is_managed" : "true",
    "guid" : "F9D1B832-704F-410A-A8EC-771F4FE80552",
    "token" : "0x6001f89",
    "native_offset" : "0x0",
    "filename" : "mscorlib.dll",
    "sizeofimage" : "0x474000",
    "timestamp" : "0xd0017708",
    "il_offset" : "0x00000"
  }
,
 {
    "is_managed" : "true",
    "guid" : "0A524050-C08D-4243-8E8C-E610E157685E",
    "token" : "0x6000083",
    "native_offset" : "0x0",
    "filename" : "MonoDevelop.MSBuildBuilder.exe",
    "sizeofimage" : "0x14000",
    "timestamp" : "0xcf68e9fd",
    "il_offset" : "0x00000"
  }
,
 {
    "is_managed" : "true",
    "guid" : "0A524050-C08D-4243-8E8C-E610E157685E",
    "token" : "0x600006a",
    "native_offset" : "0x0",
    "filename" : "MonoDevelop.MSBuildBuilder.exe",
    "sizeofimage" : "0x14000",
    "timestamp" : "0xcf68e9fd",
    "il_offset" : "0x00000"
  }
,
 {
    "is_managed" : "true",
    "guid" : "0A524050-C08D-4243-8E8C-E610E157685E",
    "token" : "0x60000a1",
    "native_offset" : "0x0",
    "filename" : "MonoDevelop.MSBuildBuilder.exe",
    "sizeofimage" : "0x14000",
    "timestamp" : "0xcf68e9fd",
    "il_offset" : "0x00000"
  }
,
 {
    "is_managed" : "true",
    "guid" : "0A524050-C08D-4243-8E8C-E610E157685E",
    "token" : "0x6000067",
    "native_offset" : "0x0",
    "filename" : "MonoDevelop.MSBuildBuilder.exe",
    "sizeofimage" : "0x14000",
    "timestamp" : "0xcf68e9fd",
    "il_offset" : "0x00000"
  }
,
 {
    "is_managed" : "true",
    "guid" : "0A524050-C08D-4243-8E8C-E610E157685E",
    "token" : "0x6000075",
    "native_offset" : "0x0",
    "filename" : "MonoDevelop.MSBuildBuilder.exe",
    "sizeofimage" : "0x14000",
    "timestamp" : "0xcf68e9fd",
    "il_offset" : "0x00000"
  }
,
 {
    "is_managed" : "true",
    "guid" : "0A524050-C08D-4243-8E8C-E610E157685E",
    "token" : "0x00000",
    "native_offset" : "0x0",
    "filename" : "MonoDevelop.MSBuildBuilder.exe",
    "sizeofimage" : "0x14000",
    "timestamp" : "0xcf68e9fd",
    "il_offset" : "0x00000"
  }
,
 {
    "is_managed" : "false",
    "native_address" : "0x104abd67b",
    "native_offset" : "0x00000"
  }
,
 {
    "is_managed" : "false",
    "native_address" : "0x104ccab67",
    "native_offset" : "0x00000"
  }
,
 {
    "is_managed" : "false",
    "native_address" : "0x104cd37d9",
    "native_offset" : "0x00000"
  }
,
 {
    "is_managed" : "false",
    "native_address" : "0x104c6880d",
    "native_offset" : "0x00000"
  }
,
 {
    "is_managed" : "false",
    "native_address" : "0x104c7d11e",
    "native_offset" : "0x00000"
  }
,
 {
    "is_managed" : "true",
    "guid" : "F9D1B832-704F-410A-A8EC-771F4FE80552",
    "token" : "0x00000",
    "native_offset" : "0x0",
    "filename" : "mscorlib.dll",
    "sizeofimage" : "0x474000",
    "timestamp" : "0xd0017708",
    "il_offset" : "0x00000"
  }
,
 {
    "is_managed" : "true",
    "guid" : "F9D1B832-704F-410A-A8EC-771F4FE80552",
    "token" : "0x6004ceb",
    "native_offset" : "0x0",
    "filename" : "mscorlib.dll",
    "sizeofimage" : "0x474000",
    "timestamp" : "0xd0017708",
    "il_offset" : "0x00000"
  }
,
 {
    "is_managed" : "true",
    "guid" : "F9D1B832-704F-410A-A8EC-771F4FE80552",
    "token" : "0x60048cf",
    "native_offset" : "0x0",
    "filename" : "mscorlib.dll",
    "sizeofimage" : "0x474000",
    "timestamp" : "0xd0017708",
    "il_offset" : "0x00000"
  }
,
 {
    "is_managed" : "true",
    "guid" : "0A524050-C08D-4243-8E8C-E610E157685E",
    "token" : "0x6000169",
    "native_offset" : "0x0",
    "filename" : "MonoDevelop.MSBuildBuilder.exe",
    "sizeofimage" : "0x14000",
    "timestamp" : "0xcf68e9fd",
    "il_offset" : "0x00000"
  }
,
 {
    "is_managed" : "true",
    "guid" : "0A524050-C08D-4243-8E8C-E610E157685E",
    "token" : "0x6000184",
    "native_offset" : "0x0",
    "filename" : "MonoDevelop.MSBuildBuilder.exe",
    "sizeofimage" : "0x14000",
    "timestamp" : "0xcf68e9fd",
    "il_offset" : "0x00000"
  }
,
 {
    "is_managed" : "true",
    "guid" : "F9D1B832-704F-410A-A8EC-771F4FE80552",
    "token" : "0x6001ff1",
    "native_offset" : "0x0",
    "filename" : "mscorlib.dll",
    "sizeofimage" : "0x474000",
    "timestamp" : "0xd0017708",
    "il_offset" : "0x00000"
  }
,
 {
    "is_managed" : "true",
    "guid" : "F9D1B832-704F-410A-A8EC-771F4FE80552",
    "token" : "0x6001ec9",
    "native_offset" : "0x0",
    "filename" : "mscorlib.dll",
    "sizeofimage" : "0x474000",
    "timestamp" : "0xd0017708",
    "il_offset" : "0x00000"
  }
,
 {
    "is_managed" : "true",
    "guid" : "F9D1B832-704F-410A-A8EC-771F4FE80552",
    "token" : "0x6001fec",
    "native_offset" : "0x0",
    "filename" : "mscorlib.dll",
    "sizeofimage" : "0x474000",
    "timestamp" : "0xd0017708",
    "il_offset" : "0x00000"
  }
,
 {
    "is_managed" : "false",
    "native_address" : "0x104abd67b",
    "native_offset" : "0x00000"
  }
,
 {
    "is_managed" : "false",
    "native_address" : "0x104ccc552",
    "native_offset" : "0x00000"
  }
,
 {
    "is_managed" : "false",
    "native_address" : "0x104cf9087",
    "native_offset" : "0x00000"
  }
,
 {
    "is_managed" : "false",
    "native_address" : "0x104c28cb8",
    "native_offset" : "0x00000"
  }
,
 {
    "is_managed" : "false",
    "native_address" : "0x104cf6528",
    "native_offset" : "0x00000"
  }
,
 {
    "is_managed" : "false",
    "native_address" : "0x7fff69025109",
    "native_offset" : "0x00000"
  }
,
 {
    "is_managed" : "false",
    "native_address" : "0x7fff69020b8b",
    "native_offset" : "0x00000"
  }

 ]
},
{
  "is_managed" : false,
  "offset_free_hash" : "0x0",
  "offset_rich_hash" : "0x0",
  "crashed" : false,
  "native_thread_id" : "0x112341dc0",
  "thread_info_addr" : "0x7fcc37808600",
  "thread_name" : "tid_307",
  "ctx" : {
    "IP" : "0x7fff68f64882",
    "SP" : "0x7ffeeb155ce8",
    "BP" : "0x7ffeeb155d80"
 },
  "unmanaged_frames" : [
 {
    "is_managed" : "false",
    "native_address" : "0x104b5baf6",
    "native_offset" : "0x00000"
  }
,
 {
    "is_managed" : "false",
    "native_address" : "0x104cf58a5",
    "native_offset" : "0x00000"
  }
,
 {
    "is_managed" : "false",
    "native_address" : "0x104cf55d7",
    "native_offset" : "0x00000"
  }
,
 {
    "is_managed" : "false",
    "native_address" : "0x104bc73ec",
    "native_offset" : "0x00000"
  }
,
 {
    "is_managed" : "false",
    "native_address" : "0x7fff690195fd",
    "native_offset" : "0x00000"
  }
,
 {
    "is_managed" : "false",
    "native_address" : "0x7ffeeb1559d8",
    "native_offset" : "0x00000"
  }
,
 {
    "is_managed" : "false",
    "native_address" : "0x104da1c40",
    "native_offset" : "0x00000"
  }
,
 {
    "is_managed" : "false",
    "native_address" : "0x104dba121",
    "native_offset" : "0x00000"
  }
,
 {
    "is_managed" : "false",
    "native_address" : "0x104cf2754",
    "native_offset" : "0x00000"
  }
,
 {
    "is_managed" : "false",
    "native_address" : "0x104cf256a",
    "native_offset" : "0x00000"
  }
,
 {
    "is_managed" : "false",
    "native_address" : "0x104b214b2",
    "native_offset" : "0x00000"
  }
,
 {
    "is_managed" : "false",
    "native_address" : "0x104aac5c8",
    "native_offset" : "0x00000"
  }
,
 {
    "is_managed" : "false",
    "native_address" : "0x7fff68e20cc9",
    "native_offset" : "0x00000"
  }

 ]
},
{
  "is_managed" : false,
  "offset_free_hash" : "0x0",
  "offset_rich_hash" : "0x0",
  "crashed" : false,
  "native_thread_id" : "0x70000ec94000",
  "thread_info_addr" : "0x7fcc37833600",
  "thread_name" : "Finalizer",
  "ctx" : {
    "IP" : "0x7fff68f61e36",
    "SP" : "0x70000ec93eb8",
    "BP" : "0x70000ec93f00"
 },
  "unmanaged_frames" : [
 {
    "is_managed" : "false",
    "native_address" : "0x104b5baf6",
    "native_offset" : "0x00000"
  }
,
 {
    "is_managed" : "false",
    "native_address" : "0x104cf58a5",
    "native_offset" : "0x00000"
  }
,
 {
    "is_managed" : "false",
    "native_address" : "0x104cf55d7",
    "native_offset" : "0x00000"
  }
,
 {
    "is_managed" : "false",
    "native_address" : "0x104bc73ec",
    "native_offset" : "0x00000"
  }
,
 {
    "is_managed" : "false",
    "native_address" : "0x7fff690195fd",
    "native_offset" : "0x00000"
  }
,
 {
    "is_managed" : "true",
    "guid" : "F9D1B832-704F-410A-A8EC-771F4FE80552",
    "token" : "0x6001464",
    "native_offset" : "0x0",
    "filename" : "mscorlib.dll",
    "sizeofimage" : "0x474000",
    "timestamp" : "0xd0017708",
    "il_offset" : "0x00000"
  }
,
 {
    "is_managed" : "false",
    "native_address" : "0x104cf6528",
    "native_offset" : "0x00000"
  }
,
 {
    "is_managed" : "false",
    "native_address" : "0x7fff69025109",
    "native_offset" : "0x00000"
  }
,
 {
    "is_managed" : "false",
    "native_address" : "0x7fff69020b8b",
    "native_offset" : "0x00000"
  }

 ]
}
]
}